scalar,RGB_r,RGB_g,RGB_b
0.0,0,0,0
0.142857142857,42,6,120
0.285714285714,4,78,53
0.428571428571,39,116,6
0.571428571429,221,99,11
0.714285714286,249,138,202
0.857142857143,229,206,253
1.0,255,255,255
