scalar,RGB_r,RGB_g,RGB_b
0.0,1,0,4
0.14285714285714285,43,14,82
0.2857142857142857,101,16,128
0.42857142857142855,154,41,128
0.5714285714285714,209,65,111
0.7142857142857142,244,118,93
0.8571428571428571,249,187,128
1.0,246,254,190
