scalar,RGB_r,RGB_g,RGB_b
0.0,1,0,4
0.14285714285714285,48,7,84
0.2857142857142857,105,15,111
0.42857142857142855,158,40,100
0.5714285714285714,208,72,67
0.7142857142857142,239,125,21
0.8571428571428571,242,194,35
1.0,245,256,163
