scalar,RGB_r,RGB_g,RGB_b
0.0,0.0028108909432653585,0.00023971464598377364,0.013984975564512399
0.14285714285714285,0.18889427585683013,0.025561628653149225,0.3301410078333006
0.2857142857142857,0.4117452774501197,0.05977145340317792,0.43517442518155974
0.42857142857142855,0.6215276089471068,0.1559239900459928,0.3903250416808537
0.5714285714285714,0.8168940474024731,0.2810587939359065,0.2612384268357728
0.7142857142857142,0.9387065364043844,0.49212428287176385,0.08125183578493411
0.8571428571428571,0.9494121091010544,0.7608477568229844,0.13659641395943853
1.0,0.9593995073432898,1.0029632847639067,0.6406264784793351
