scalar,RGB_r,RGB_g,RGB_b
0.0,0,0,0
0.142857142857,64,23,18
0.285714285714,126,31,28
0.428571428571,184,50,33
0.571428571429,219,101,10
0.714285714286,228,161,3
0.857142857143,233,216,57
1.0,255,255,255
