scalar,RGB_r,RGB_g,RGB_b
0.0,85,72,193
0.14285714285714285,125,135,239
0.2857142857142857,166,185,255
0.42857142857142855,205,215,240
0.5714285714285714,235,209,194
0.7142857142857142,243,168,137
0.8571428571428571,222,106,83
1.0,177,1,39
