scalar,RGB_r,RGB_g,RGB_b
0.0,0.334790850135,0.283084370265,0.756495219864
0.142857142857,0.490166141872,0.527746957324,0.936787218099
0.285714285714,0.650741876243,0.72577127195,1.00178287817
0.428571428571,0.802075059497,0.844274906738,0.940091315051
0.571428571429,0.921572114413,0.821100097,0.760724668182
0.714285714286,0.951147699106,0.658172353076,0.537190126091
0.857142857143,0.871199145237,0.413949802136,0.325919167516
1.0,0.694625624821,0.00296461045768,0.154581828278
