scalar,RGB_r,RGB_g,RGB_b
0.0,85,72,193
0.142857142857,125,135,239
0.285714285714,166,185,255
0.428571428571,205,215,240
0.571428571429,235,209,194
0.714285714286,243,168,137
0.857142857143,222,106,83
1.0,177,1,39
