scalar,RGB_r,RGB_g,RGB_b
0.0,0,0,0
0.142857142857,43,15,107
0.285714285714,93,0,200
0.428571428571,198,0,116
0.571428571429,235,83,60
0.714285714286,245,151,48
0.857142857143,233,216,57
1.0,255,255,255
